baseProductCode,name,formattedName,description,modelYear,modelCode,modelFamily,categoryCode,categoryName,parentCategoryCode,parentCategoryName,url,primaryImageThumbnailUrl,navigationImageUrl,badges,keyFeatureBullets,price,priceFormatted,monthlyPrice,monthlyPriceFormatted,priceDisclaimerNumber,tags,specOptions,colorOptions
2021-iron-883,Iron 883,Iron 883<sup>™</sup>,สีดำแบล็คเอาท์ในสไตล์ Stripped-down กับรูปทรงระดับตำนาน,2021,XL883N,SPORTSTER,street-motorcycle,Street,motorcycles,รถมอเตอร์ไซค์,/th/th/motorcycles/iron-883.html,https://www.harley-davidson.com/content/dam/h-d/images/product-images/bikes/motorcycle/2021/2021-iron-883/2021-iron-883-016/2021-iron-883-016-motorcycle.jpg,https://www.harley-davidson.com/content/dam/h-d/images/product-images/bikes/motorcycle/2021/2021-iron-883/2021-iron-883-motorcycle-nav.jpg,,,516000," ฿516,000",0,,1,,,"[{'productCode': '2021-iron-883-016', 'colorCode': '016', 'colorName': 'Black Denim', 'displayColorName': 'Black Denim', 'defaultColor': False, 'hex1': '#2a2c2b', 'hex2': '', 'thumbnailImageUrl': '/content/dam/h-d/images/product-images/bikes/motorcycle/2021/2021-iron-883/2021-iron-883-016/2021-iron-883-016-motorcycle.jpg', 'basePrice': 516000, 'basePriceFormatted': ' ฿516,000', 'additionalPrice': 0, 'additionalPriceFormatted': ' ฿0', 'additionalPriceMessage': None, 'product360Images': None}, {'productCode': '2021-iron-883-e79', 'colorCode': 'e79', 'colorName': 'River Rock Gray Denim', 'displayColorName': 'River Rock Gray Denim', 'defaultColor': False, 'hex1': '#4e443b', 'hex2': '', 'thumbnailImageUrl': '/content/dam/h-d/images/product-images/bikes/motorcycle/2021/2021-iron-883/2021-iron-883-e79/2021-iron-883-e79-motorcycle.jpg', 'basePrice': 516000, 'basePriceFormatted': ' ฿516,000', 'additionalPrice': 0, 'additionalPriceFormatted': ' ฿0', 'additionalPriceMessage': None, 'product360Images': None}, {'productCode': '2021-iron-883-f24', 'colorCode': 'f24', 'colorName': 'Deadwood Green', 'displayColorName': 'Deadwood Green', 'defaultColor': True, 'hex1': '#363727', 'hex2': '', 'thumbnailImageUrl': '/content/dam/h-d/images/product-images/bikes/motorcycle/2021/2021-iron-883/2021-iron-883-f24/2021-iron-883-f24-motorcycle.jpg', 'basePrice': 516000, 'basePriceFormatted': ' ฿516,000', 'additionalPrice': 0, 'additionalPriceFormatted': ' ฿0', 'additionalPriceMessage': None, 'product360Images': None}, {'productCode': '2021-iron-883-f32', 'colorCode': 'f32', 'colorName': 'Snake Venom', 'displayColorName': 'Snake Venom', 'defaultColor': False, 'hex1': '#0d1810', 'hex2': '', 'thumbnailImageUrl': '/content/dam/h-d/images/product-images/bikes/motorcycle/2021/2021-iron-883/2021-iron-883-f32/2021-iron-883-f32-motorcycle.jpg', 'basePrice': 532000, 'basePriceFormatted': ' ฿532,000', 'additionalPrice': 16000, 'additionalPriceFormatted': ' ฿16,000', 'additionalPriceMessage': None, 'product360Images': None}]"
2021-iron-1200,Iron 1200,Iron 1200<sup>™</sup>,รูปทรงแบบช้อปเปอร์ในสีแบล็คเอาท์ มาพร้อมพลังที่เหนือกว่าขีดจำกัดของเมือง,2021,XL1200NS,SPORTSTER,street-motorcycle,Street,motorcycles,รถมอเตอร์ไซค์,/th/th/motorcycles/iron-1200.html,https://www.harley-davidson.com/content/dam/h-d/images/product-images/bikes/motorcycle/2021/2021-iron-1200/2021-iron-1200-010/2021-iron-1200-010-motorcycle.jpg,https://www.harley-davidson.com/content/dam/h-d/images/product-images/bikes/motorcycle/2021/2021-iron-1200/2021-iron-1200-motorcycle-nav.jpg,,,579000," ฿579,000",0,,1,,,"[{'productCode': '2021-iron-1200-010', 'colorCode': '010', 'colorName': 'Vivid Black', 'displayColorName': 'Vivid Black', 'defaultColor': False, 'hex1': '#1c1c1c', 'hex2': '', 'thumbnailImageUrl': '/content/dam/h-d/images/product-images/bikes/motorcycle/2021/2021-iron-1200/2021-iron-1200-010/2021-iron-1200-010-motorcycle.jpg', 'basePrice': 579000, 'basePriceFormatted': ' ฿579,000', 'additionalPrice': 0, 'additionalPriceFormatted': ' ฿0', 'additionalPriceMessage': None, 'product360Images': None}, {'productCode': '2021-iron-1200-016', 'colorCode': '016', 'colorName': 'Black Denim', 'displayColorName': 'Black Denim', 'defaultColor': False, 'hex1': '#2a2c2b', 'hex2': '', 'thumbnailImageUrl': '/content/dam/h-d/images/product-images/bikes/motorcycle/2021/2021-iron-1200/2021-iron-1200-016/2021-iron-1200-016-motorcycle.jpg', 'basePrice': 586000, 'basePriceFormatted': ' ฿586,000', 'additionalPrice': 7000, 'additionalPriceFormatted': ' ฿7,000', 'additionalPriceMessage': None, 'product360Images': None}, {'productCode': '2021-iron-1200-e81', 'colorCode': 'e81', 'colorName': 'Billiard Red', 'displayColorName': 'Billiard Red', 'defaultColor': True, 'hex1': '#850005', 'hex2': '', 'thumbnailImageUrl': '/content/dam/h-d/images/product-images/bikes/motorcycle/2021/2021-iron-1200/2021-iron-1200-e81/2021-iron-1200-e81-motorcycle.jpg', 'basePrice': 586000, 'basePriceFormatted': ' ฿586,000', 'additionalPrice': 7000, 'additionalPriceFormatted': ' ฿7,000', 'additionalPriceMessage': None, 'product360Images': None}, {'productCode': '2021-iron-1200-e85', 'colorCode': 'e85', 'colorName': 'Stone Washed White Pearl', 'displayColorName': 'Stone Washed White Pearl', 'defaultColor': False, 'hex1': '#ececec', 'hex2': '', 'thumbnailImageUrl': '/content/dam/h-d/images/product-images/bikes/motorcycle/2021/2021-iron-1200/2021-iron-1200-e85/2021-iron-1200-e85-motorcycle.jpg', 'basePrice': 586000, 'basePriceFormatted': ' ฿586,000', 'additionalPrice': 7000, 'additionalPriceFormatted': ' ฿7,000', 'additionalPriceMessage': None, 'product360Images': None}]"
2021-forty-eight,Forty-Eight,Forty-Eight<sup>™</sup>,ยางล้อโตในสไตล์หนักแน่นทรงพลังพร้อมถังน้ำมันทรงถั่วที่เป็นเอกลักษณ์และท่วงท่าเตี้ยล่ำน่าเกรงขาม,2021,XL1200X,SPORTSTER,street-motorcycle,Street,motorcycles,รถมอเตอร์ไซค์,/th/th/motorcycles/forty-eight.html,https://www.harley-davidson.com/content/dam/h-d/images/product-images/bikes/motorcycle/2021/2021-forty-eight/2021-forty-eight-e79/2021-forty-eight-e79-motorcycle.jpg,https://www.harley-davidson.com/content/dam/h-d/images/product-images/bikes/motorcycle/2021/2021-forty-eight/2021-forty-eight-motorcycle-nav.jpg,,,639000," ฿639,000",0,,1,,,"[{'productCode': '2021-forty-eight-010', 'colorCode': '010', 'colorName': 'Vivid Black', 'displayColorName': 'Vivid Black', 'defaultColor': False, 'hex1': '#1c1c1c', 'hex2': '', 'thumbnailImageUrl': '/content/dam/h-d/images/product-images/bikes/motorcycle/2021/2021-forty-eight/2021-forty-eight-010/2021-forty-eight-010-motorcycle.jpg', 'basePrice': 639000, 'basePriceFormatted': ' ฿639,000', 'additionalPrice': 0, 'additionalPriceFormatted': ' ฿0', 'additionalPriceMessage': None, 'product360Images': None}, {'productCode': '2021-forty-eight-f18', 'colorCode': 'f18', 'colorName': 'Billiard Teal', 'displayColorName': 'Billiard Teal', 'defaultColor': True, 'hex1': '#04303d', 'hex2': '', 'thumbnailImageUrl': '/content/dam/h-d/images/product-images/bikes/motorcycle/2021/2021-forty-eight/2021-forty-eight-f18/2021-forty-eight-f18-motorcycle.jpg', 'basePrice': 646000, 'basePriceFormatted': ' ฿646,000', 'additionalPrice': 7000, 'additionalPriceFormatted': ' ฿7,000', 'additionalPriceMessage': None, 'product360Images': None}, {'productCode': '2021-forty-eight-f20', 'colorCode': 'f20', 'colorName': 'Midnight Crimson', 'displayColorName': 'Midnight Crimson', 'defaultColor': False, 'hex1': '#2f0d0e', 'hex2': '', 'thumbnailImageUrl': '/content/dam/h-d/images/product-images/bikes/motorcycle/2021/2021-forty-eight/2021-forty-eight-f20/2021-forty-eight-f20-motorcycle.jpg', 'basePrice': 646000, 'basePriceFormatted': ' ฿646,000', 'additionalPrice': 7000, 'additionalPriceFormatted': ' ฿7,000', 'additionalPriceMessage': None, 'product360Images': None}]"
2021-softail-standard,Softail Standard,Softail<sup>™</sup> Standard,สไตล์บ็อบเบอร์ Stripped-Down แบบดิบๆ ผืนผ้าใบว่างเปล่าที่รอการคัสตอม,2021,FXST,SOFTAIL,cruiser-motorcycle,Cruiser,motorcycles,รถมอเตอร์ไซค์,/th/th/motorcycles/softail-standard.html,https://www.harley-davidson.com/content/dam/h-d/images/product-images/bikes/motorcycle/2021/2021-softail-standard/2021-softail-standard-010/2021-softail-standard-010-motorcycle.jpg,https://www.harley-davidson.com/content/dam/h-d/images/product-images/bikes/motorcycle/2021/2021-softail-standard/2021-softail-standard-motorcycle-nav.jpg,,,769000," ฿769,000",0,,1,,,"[{'productCode': '2021-softail-standard-010', 'colorCode': '010', 'colorName': 'Vivid Black', 'displayColorName': 'Vivid Black', 'defaultColor': True, 'hex1': '#1c1c1c', 'hex2': '', 'thumbnailImageUrl': '/content/dam/h-d/images/product-images/bikes/motorcycle/2021/2021-softail-standard/2021-softail-standard-010/2021-softail-standard-010-motorcycle.jpg', 'basePrice': 769000, 'basePriceFormatted': ' ฿769,000', 'additionalPrice': 0, 'additionalPriceFormatted': ' ฿0', 'additionalPriceMessage': None, 'product360Images': None}]"
2021-street-bob-114,Street Bob,Street Bob<sup>™</sup>,ห้าวหาญกับสไตล์บ็อบเบอร์แบบ Stripped-down ในรูปโฉมสีดำ,2021,FXBBS,SOFTAIL,cruiser-motorcycle,Cruiser,motorcycles,รถมอเตอร์ไซค์,/th/th/motorcycles/street-bob.html,https://www.harley-davidson.com/content/dam/h-d/images/product-images/bikes/motorcycle/2021/2021-street-bob-114/2021-street-bob-114-010/2021-street-bob-114-010-motorcycle.jpg,https://www.harley-davidson.com/content/dam/h-d/images/product-images/bikes/motorcycle/2021/2021-street-bob-114/2021-street-bob-114-motorcycle-nav.jpg,,,849000," ฿849,000",0,,1,,,"[{'productCode': '2021-street-bob-114-010', 'colorCode': '010', 'colorName': 'Vivid Black', 'displayColorName': 'Vivid Black', 'defaultColor': False, 'hex1': '#1c1c1c', 'hex2': '', 'thumbnailImageUrl': '/content/dam/h-d/images/product-images/bikes/motorcycle/2021/2021-street-bob-114/2021-street-bob-114-010/2021-street-bob-114-010-motorcycle.jpg', 'basePrice': 849000, 'basePriceFormatted': ' ฿849,000', 'additionalPrice': 0, 'additionalPriceFormatted': ' ฿0', 'additionalPriceMessage': None, 'product360Images': None}, {'productCode': '2021-street-bob-114-e85', 'colorCode': 'e85', 'colorName': 'Stone Washed White Pearl', 'displayColorName': 'Stone Washed White Pearl', 'defaultColor': False, 'hex1': '#ececec', 'hex2': '', 'thumbnailImageUrl': '/content/dam/h-d/images/product-images/bikes/motorcycle/2021/2021-street-bob-114/2021-street-bob-114-e85/2021-street-bob-114-e85-motorcycle.jpg', 'basePrice': 859000, 'basePriceFormatted': ' ฿859,000', 'additionalPrice': 10000, 'additionalPriceFormatted': ' ฿10,000', 'additionalPriceMessage': None, 'product360Images': None}, {'productCode': '2021-street-bob-114-f22', 'colorCode': 'f22', 'colorName': 'Baja Orange', 'displayColorName': 'Baja Orange', 'defaultColor': True, 'hex1': '#aa3a08', 'hex2': '', 'thumbnailImageUrl': '/content/dam/h-d/images/product-images/bikes/motorcycle/2021/2021-street-bob-114/2021-street-bob-114-f22/2021-street-bob-114-f22-motorcycle.jpg', 'basePrice': 859000, 'basePriceFormatted': ' ฿859,000', 'additionalPrice': 10000, 'additionalPriceFormatted': ' ฿10,000', 'additionalPriceMessage': None, 'product360Images': None}, {'productCode': '2021-street-bob-114-f24', 'colorCode': 'f24', 'colorName': 'Deadwood Green', 'displayColorName': 'Deadwood Green', 'defaultColor': False, 'hex1': '#363727', 'hex2': '', 'thumbnailImageUrl': '/content/dam/h-d/images/product-images/bikes/motorcycle/2021/2021-street-bob-114/2021-street-bob-114-f24/2021-street-bob-114-f24-motorcycle.jpg', 'basePrice': 859000, 'basePriceFormatted': ' ฿859,000', 'additionalPrice': 10000, 'additionalPriceFormatted': ' ฿10,000', 'additionalPriceMessage': None, 'product360Images': None}]"
2021-low-rider-s,Low Rider S,Low Rider<sup>™</sup> S,รถครุยเซอร์สีแบล็คเอาท์ในสมรรถนะแบบคัสตอมส่งตรงจากโรงงาน,2021,FXLRS,SOFTAIL,cruiser-motorcycle,Cruiser,motorcycles,รถมอเตอร์ไซค์,/th/th/motorcycles/low-rider-s.html,https://www.harley-davidson.com/content/dam/h-d/images/product-images/bikes/motorcycle/2021/2021-low-rider-s/2021-low-rider-s-f20/2021-low-rider-s-f20-motorcycle.jpg,https://www.harley-davidson.com/content/dam/h-d/images/product-images/bikes/motorcycle/2021/2021-low-rider-s/2021-low-rider-s-motorcycle-nav.jpg,,,989000," ฿989,000",0,,1,,,"[{'productCode': '2021-low-rider-s-010', 'colorCode': '010', 'colorName': 'Vivid Black', 'displayColorName': 'Vivid Black', 'defaultColor': False, 'hex1': '#1c1c1c', 'hex2': '', 'thumbnailImageUrl': '/content/dam/h-d/images/product-images/bikes/motorcycle/2021/2021-low-rider-s/2021-low-rider-s-010/2021-low-rider-s-010-motorcycle.jpg', 'basePrice': 989000, 'basePriceFormatted': ' ฿989,000', 'additionalPrice': 0, 'additionalPriceFormatted': ' ฿0', 'additionalPriceMessage': None, 'product360Images': None}, {'productCode': '2021-low-rider-s-f20', 'colorCode': 'f20', 'colorName': 'Midnight Crimson', 'displayColorName': 'Midnight Crimson', 'defaultColor': True, 'hex1': '#2f0d0e', 'hex2': '', 'thumbnailImageUrl': '/content/dam/h-d/images/product-images/bikes/motorcycle/2021/2021-low-rider-s/2021-low-rider-s-f20/2021-low-rider-s-f20-motorcycle.jpg', 'basePrice': 999000, 'basePriceFormatted': ' ฿999,000', 'additionalPrice': 10000, 'additionalPriceFormatted': ' ฿10,000', 'additionalPriceMessage': None, 'product360Images': None}]"
2021-sport-glide,Sport Glide,Sport Glide<sup>™</sup>,การผสมผสานอย่างดุดันระหว่างความตล่องตัวในแบบครุยเซอร์กับการขับขี่ทางไกลในแบบทัวร์ริ่ง,2021,FLSB,SOFTAIL,cruiser-motorcycle,Cruiser,motorcycles,รถมอเตอร์ไซค์,/th/th/motorcycles/sport-glide.html,https://www.harley-davidson.com/content/dam/h-d/images/product-images/bikes/motorcycle/2021/2021-sport-glide/2021-sport-glide-e41/2021-sport-glide-e41-motorcycle.jpg,https://www.harley-davidson.com/content/dam/h-d/images/product-images/bikes/motorcycle/2021/2021-sport-glide/2021-sport-glide-motorcycle-nav.jpg,,,919000," ฿919,000",0,,1,,,"[{'productCode': '2021-sport-glide-010', 'colorCode': '010', 'colorName': 'Vivid Black', 'displayColorName': 'Vivid Black', 'defaultColor': False, 'hex1': '#1c1c1c', 'hex2': '', 'thumbnailImageUrl': '/content/dam/h-d/images/product-images/bikes/motorcycle/2021/2021-sport-glide/2021-sport-glide-010/2021-sport-glide-010-motorcycle.jpg', 'basePrice': 919000, 'basePriceFormatted': ' ฿919,000', 'additionalPrice': 0, 'additionalPriceFormatted': ' ฿0', 'additionalPriceMessage': None, 'product360Images': None}, {'productCode': '2021-sport-glide-010bd', 'colorCode': '010bd', 'colorName': 'Vivid Black', 'displayColorName': 'Vivid Black w/ Denim Bags', 'defaultColor': False, 'hex1': '#1c1c1c', 'hex2': '', 'thumbnailImageUrl': '/content/dam/h-d/images/product-images/bikes/motorcycle/2021/2021-sport-glide/2021-sport-glide-010bd/2021-sport-glide-010bd-motorcycle.jpg', 'basePrice': 919000, 'basePriceFormatted': ' ฿919,000', 'additionalPrice': 0, 'additionalPriceFormatted': ' ฿0', 'additionalPriceMessage': None, 'product360Images': None}, {'productCode': '2021-sport-glide-f16', 'colorCode': 'f16', 'colorName': 'Gauntlet Gray Metallic', 'displayColorName': 'Gauntlet Gray Metallic', 'defaultColor': False, 'hex1': '#444348', 'hex2': '', 'thumbnailImageUrl': '/content/dam/h-d/images/product-images/bikes/motorcycle/2021/2021-sport-glide/2021-sport-glide-f16/2021-sport-glide-f16-motorcycle.jpg', 'basePrice': 929000, 'basePriceFormatted': ' ฿929,000', 'additionalPrice': 10000, 'additionalPriceFormatted': ' ฿10,000', 'additionalPriceMessage': None, 'product360Images': None}, {'productCode': '2021-sport-glide-e85', 'colorCode': 'e85', 'colorName': 'Stone Washed White Pearl', 'displayColorName': 'Stone Washed White Pearl', 'defaultColor': True, 'hex1': '#ececec', 'hex2': '', 'thumbnailImageUrl': '/content/dam/h-d/images/product-images/bikes/motorcycle/2021/2021-sport-glide/2021-sport-glide-e85/2021-sport-glide-e85-motorcycle.jpg', 'basePrice': 929000, 'basePriceFormatted': ' ฿929,000', 'additionalPrice': 10000, 'additionalPriceFormatted': ' ฿10,000', 'additionalPriceMessage': None, 'product360Images': None}, {'productCode': '2021-sport-glide-f32', 'colorCode': 'f32', 'colorName': 'Snake Venom', 'displayColorName': 'Snake Venom', 'defaultColor': False, 'hex1': '#0d1810', 'hex2': '', 'thumbnailImageUrl': '/content/dam/h-d/images/product-images/bikes/motorcycle/2021/2021-sport-glide/2021-sport-glide-f32/2021-sport-glide-f32-motorcycle.jpg', 'basePrice': 949000, 'basePriceFormatted': ' ฿949,000', 'additionalPrice': 30000, 'additionalPriceFormatted': ' ฿30,000', 'additionalPriceMessage': None, 'product360Images': None}]"
2021-fat-bob-114,Fat Bob 114,Fat Bob<sup>™</sup> 114,กลืนกินทุกระยะทางด้วยความกระหายในขุมพลัง สร้างมาพร้อมสไตล์และสรรถนะในแบบบึกบึน,2021,FXFBS,SOFTAIL,cruiser-motorcycle,Cruiser,motorcycles,รถมอเตอร์ไซค์,/th/th/motorcycles/fat-bob.html,https://www.harley-davidson.com/content/dam/h-d/images/product-images/bikes/motorcycle/2021/2021-fat-bob-114/2021-fat-bob-114-016/2021-fat-bob-114-016-motorcycle.jpg,https://www.harley-davidson.com/content/dam/h-d/images/product-images/bikes/motorcycle/2021/2021-fat-bob-114/2021-fat-bob-114-motorcycle-nav.jpg,,,979000," ฿979,000",0,,1,,,"[{'productCode': '2021-fat-bob-114-010', 'colorCode': '010', 'colorName': 'Vivid Black', 'displayColorName': 'Vivid Black', 'defaultColor': False, 'hex1': '#1c1c1c', 'hex2': '', 'thumbnailImageUrl': '/content/dam/h-d/images/product-images/bikes/motorcycle/2021/2021-fat-bob-114/2021-fat-bob-114-010/2021-fat-bob-114-010-motorcycle.jpg', 'basePrice': 979000, 'basePriceFormatted': ' ฿979,000', 'additionalPrice': 0, 'additionalPriceFormatted': ' ฿0', 'additionalPriceMessage': None, 'product360Images': None}, {'productCode': '2021-fat-bob-114-e81', 'colorCode': 'e81', 'colorName': 'Billiard Red', 'displayColorName': 'Billiard Red', 'defaultColor': False, 'hex1': '#850005', 'hex2': '', 'thumbnailImageUrl': '/content/dam/h-d/images/product-images/bikes/motorcycle/2021/2021-fat-bob-114/2021-fat-bob-114-e81/2021-fat-bob-114-e81-motorcycle.jpg', 'basePrice': 989000, 'basePriceFormatted': ' ฿989,000', 'additionalPrice': 10000, 'additionalPriceFormatted': ' ฿10,000', 'additionalPriceMessage': None, 'product360Images': None}, {'productCode': '2021-fat-bob-114-f26', 'colorCode': 'f26', 'colorName': 'Deadwood Green Denim', 'displayColorName': 'Deadwood Green Denim', 'defaultColor': True, 'hex1': '#3c3e33', 'hex2': '', 'thumbnailImageUrl': '/content/dam/h-d/images/product-images/bikes/motorcycle/2021/2021-fat-bob-114/2021-fat-bob-114-f26/2021-fat-bob-114-f26-motorcycle.jpg', 'basePrice': 989000, 'basePriceFormatted': ' ฿989,000', 'additionalPrice': 10000, 'additionalPriceFormatted': ' ฿10,000', 'additionalPriceMessage': None, 'product360Images': None}]"
2021-breakout-114,Breakout 114,Breakout<sup>™</sup> 114,ยาว เพรียวบาง มุ่งมั่น ช้อปเปอร์สไตล์โมเดิร์นสุดบึกบึนที่เปลี่ยนสัญญาณไฟจราจรให้เป็นสนามแข่งรถ,2021,FXBRS,SOFTAIL,cruiser-motorcycle,Cruiser,motorcycles,รถมอเตอร์ไซค์,/th/th/motorcycles/breakout.html,https://www.harley-davidson.com/content/dam/h-d/images/product-images/bikes/motorcycle/2021/2021-breakout-114/2021-breakout-114-e79/2021-breakout-114-e79-motorcycle.jpg,https://www.harley-davidson.com/content/dam/h-d/images/product-images/bikes/motorcycle/2021/2021-breakout-114/2021-breakout-114-motorcycle-nav.jpg,,,1049000," ฿1,049,000",0,,1,,,"[{'productCode': '2021-breakout-114-010', 'colorCode': '010', 'colorName': 'Vivid Black', 'displayColorName': 'Vivid Black', 'defaultColor': False, 'hex1': '#1c1c1c', 'hex2': '', 'thumbnailImageUrl': '/content/dam/h-d/images/product-images/bikes/motorcycle/2021/2021-breakout-114/2021-breakout-114-010/2021-breakout-114-010-motorcycle.jpg', 'basePrice': 1049000, 'basePriceFormatted': ' ฿1,049,000', 'additionalPrice': 0, 'additionalPriceFormatted': ' ฿0', 'additionalPriceMessage': None, 'product360Images': None}, {'productCode': '2021-breakout-114-f16', 'colorCode': 'f16', 'colorName': 'Gauntlet Gray Metallic', 'displayColorName': 'Gauntlet Gray Metallic', 'defaultColor': False, 'hex1': '#444348', 'hex2': '', 'thumbnailImageUrl': '/content/dam/h-d/images/product-images/bikes/motorcycle/2021/2021-breakout-114/2021-breakout-114-f16/2021-breakout-114-f16-motorcycle.jpg', 'basePrice': 1059000, 'basePriceFormatted': ' ฿1,059,000', 'additionalPrice': 10000, 'additionalPriceFormatted': ' ฿10,000', 'additionalPriceMessage': None, 'product360Images': None}, {'productCode': '2021-breakout-114-f20', 'colorCode': 'f20', 'colorName': 'Midnight Crimson', 'displayColorName': 'Midnight Crimson', 'defaultColor': True, 'hex1': '#2f0d0e', 'hex2': '', 'thumbnailImageUrl': '/content/dam/h-d/images/product-images/bikes/motorcycle/2021/2021-breakout-114/2021-breakout-114-f20/2021-breakout-114-f20-motorcycle.jpg', 'basePrice': 1059000, 'basePriceFormatted': ' ฿1,059,000', 'additionalPrice': 10000, 'additionalPriceFormatted': ' ฿10,000', 'additionalPriceMessage': None, 'product360Images': None}, {'productCode': '2021-breakout-114-f32', 'colorCode': 'f32', 'colorName': 'Snake Venom', 'displayColorName': 'Snake Venom', 'defaultColor': False, 'hex1': '#0d1810', 'hex2': '', 'thumbnailImageUrl': '/content/dam/h-d/images/product-images/bikes/motorcycle/2021/2021-breakout-114/2021-breakout-114-f32/2021-breakout-114-f32-motorcycle.jpg', 'basePrice': 1079000, 'basePriceFormatted': ' ฿1,079,000', 'additionalPrice': 30000, 'additionalPriceFormatted': ' ฿30,000', 'additionalPriceMessage': None, 'product360Images': None}]"
2021-fat-boy-114,Fat Boy 114,Fat Boy<sup>™</sup> 114,สัญลักษณ์แห่งการคัสตอมที่มาพร้อมความใหญ่บึกบึน ออกตัวพร้อมรูปลักษณ์แบบจัดเต็ม กับท่าทีที่ไม่เป็นรองใคร,2021,FLFBS,SOFTAIL,cruiser-motorcycle,Cruiser,motorcycles,รถมอเตอร์ไซค์,/th/th/motorcycles/fat-boy.html,https://www.harley-davidson.com/content/dam/h-d/images/product-images/bikes/motorcycle/2021/2021-fat-boy-114/2021-fat-boy-114-f24/2021-fat-boy-114-f24-motorcycle.jpg,https://www.harley-davidson.com/content/dam/h-d/images/product-images/bikes/motorcycle/2021/2021-fat-boy-114/2021-fat-boy-114-motorcycle-nav.jpg,,,1119000," ฿1,119,000",0,,1,,,"[{'productCode': '2021-fat-boy-114-010', 'colorCode': '010', 'colorName': 'Vivid Black', 'displayColorName': 'Vivid Black', 'defaultColor': False, 'hex1': '#1c1c1c', 'hex2': '', 'thumbnailImageUrl': '/content/dam/h-d/images/product-images/bikes/motorcycle/2021/2021-fat-boy-114/2021-fat-boy-114-010/2021-fat-boy-114-010-motorcycle.jpg', 'basePrice': 1119000, 'basePriceFormatted': ' ฿1,119,000', 'additionalPrice': 0, 'additionalPriceFormatted': ' ฿0', 'additionalPriceMessage': None, 'product360Images': None}, {'productCode': '2021-fat-boy-114-f04', 'colorCode': 'f04', 'colorName': 'Black Jack Metallic', 'displayColorName': 'Black Jack Metallic', 'defaultColor': False, 'hex1': '#18181a', 'hex2': '', 'thumbnailImageUrl': '/content/dam/h-d/images/product-images/bikes/motorcycle/2021/2021-fat-boy-114/2021-fat-boy-114-f04/2021-fat-boy-114-f04-motorcycle.jpg', 'basePrice': 1129000, 'basePriceFormatted': ' ฿1,129,000', 'additionalPrice': 10000, 'additionalPriceFormatted': ' ฿10,000', 'additionalPriceMessage': None, 'product360Images': None}, {'productCode': '2021-fat-boy-114-f24', 'colorCode': 'f24', 'colorName': 'Deadwood Green', 'displayColorName': 'Deadwood Green', 'defaultColor': True, 'hex1': '#363727', 'hex2': '', 'thumbnailImageUrl': '/content/dam/h-d/images/product-images/bikes/motorcycle/2021/2021-fat-boy-114/2021-fat-boy-114-f24/2021-fat-boy-114-f24-motorcycle.jpg', 'basePrice': 1129000, 'basePriceFormatted': ' ฿1,129,000', 'additionalPrice': 10000, 'additionalPriceFormatted': ' ฿10,000', 'additionalPriceMessage': None, 'product360Images': None}, {'productCode': '2021-fat-boy-114-f28', 'colorCode': 'f28', 'colorName': 'Gauntlet Gray Metallic/Vivid Black', 'displayColorName': 'Gauntlet Gray Metallic/Vivid Black', 'defaultColor': False, 'hex1': '#444348', 'hex2': '#1c1c1c', 'thumbnailImageUrl': '/content/dam/h-d/images/product-images/bikes/motorcycle/2021/2021-fat-boy-114/2021-fat-boy-114-f28/2021-fat-boy-114-f28-motorcycle.jpg', 'basePrice': 1139000, 'basePriceFormatted': ' ฿1,139,000', 'additionalPrice': 20000, 'additionalPriceFormatted': ' ฿20,000', 'additionalPriceMessage': None, 'product360Images': None}]"
2021-electra-glide-standard,Electra Glide Standard,Electra Glide<sup>™</sup> Standard,ครบครันสำหรับทุกช่วงเวลาในการผจญภัยข้ามทวีป ด้วยห้องโดยสารในแบบของคุณเอง,2021,FLHT,TOURING,touring-motorcycle,Touring,motorcycles,รถมอเตอร์ไซค์,/th/th/motorcycles/electra-glide-standard.html,https://www.harley-davidson.com/content/dam/h-d/images/product-images/bikes/motorcycle/2021/2021-electra-glide-standard/2021-electra-glide-standard-010/2021-electra-glide-standard-010-motorcycle.jpg,https://www.harley-davidson.com/content/dam/h-d/images/product-images/bikes/motorcycle/2021/2021-electra-glide-standard/2021-electra-glide-standard-motorcycle-nav.jpg,,,1189000," ฿1,189,000",0,,1,,,"[{'productCode': '2021-electra-glide-standard-010', 'colorCode': '010', 'colorName': 'Vivid Black', 'displayColorName': 'Vivid Black', 'defaultColor': True, 'hex1': '#1c1c1c', 'hex2': '', 'thumbnailImageUrl': '/content/dam/h-d/images/product-images/bikes/motorcycle/2021/2021-electra-glide-standard/2021-electra-glide-standard-010/2021-electra-glide-standard-010-motorcycle.jpg', 'basePrice': 1189000, 'basePriceFormatted': ' ฿1,189,000', 'additionalPrice': 0, 'additionalPriceFormatted': ' ฿0', 'additionalPriceMessage': None, 'product360Images': None}]"
2021-heritage-classic-114,Heritage Classic,Heritage Classic,รถครุยเซอร์สัญชาติอเมริกันที่ขาดไม่ได้ ดีเทลแบบวินเทจสุดปัง กับสไตล์ร็อคแอนด์โรลขนานแท้,2021,FLHCS,SOFTAIL,touring-motorcycle,Touring,motorcycles,รถมอเตอร์ไซค์,/th/th/motorcycles/heritage-classic.html,https://www.harley-davidson.com/content/dam/h-d/images/product-images/bikes/motorcycle/2021/2021-heritage-classic-114/2021-heritage-classic-114-f01/2021-heritage-classic-114-f01-motorcycle.jpg,https://www.harley-davidson.com/content/dam/h-d/images/product-images/bikes/motorcycle/2021/2021-heritage-classic-114/2021-heritage-classic-114-motorcycle-nav.jpg,,,1059000," ฿1,059,000",0,,1,,,"[{'productCode': '2021-heritage-classic-114-010', 'colorCode': '010', 'colorName': 'Vivid Black', 'displayColorName': 'Vivid Black  (114 Engine with Black Finish)', 'defaultColor': False, 'hex1': '#1c1c1c', 'hex2': '', 'thumbnailImageUrl': '/content/dam/h-d/images/product-images/bikes/motorcycle/2021/2021-heritage-classic-114/2021-heritage-classic-114-010/2021-heritage-classic-114-010-motorcycle.jpg', 'basePrice': 1059000, 'basePriceFormatted': ' ฿1,059,000', 'additionalPrice': 0, 'additionalPriceFormatted': ' ฿0', 'additionalPriceMessage': None, 'product360Images': None}, {'productCode': '2021-heritage-classic-114-f04', 'colorCode': 'f04', 'colorName': 'Black Jack Metallic', 'displayColorName': 'Black Jack Metallic  (114 Engine with Black Finish)', 'defaultColor': False, 'hex1': '#18181a', 'hex2': '', 'thumbnailImageUrl': '/content/dam/h-d/images/product-images/bikes/motorcycle/2021/2021-heritage-classic-114/2021-heritage-classic-114-f04/2021-heritage-classic-114-f04-motorcycle.jpg', 'basePrice': 1069000, 'basePriceFormatted': ' ฿1,069,000', 'additionalPrice': 10000, 'additionalPriceFormatted': ' ฿10,000', 'additionalPriceMessage': None, 'product360Images': None}, {'productCode': '2021-heritage-classic-114-e81', 'colorCode': 'e81', 'colorName': 'Billiard Red', 'displayColorName': 'Billiard Red  (114 Engine with Black Finish)', 'defaultColor': True, 'hex1': '#850005', 'hex2': '', 'thumbnailImageUrl': '/content/dam/h-d/images/product-images/bikes/motorcycle/2021/2021-heritage-classic-114/2021-heritage-classic-114-e81/2021-heritage-classic-114-e81-motorcycle.jpg', 'basePrice': 1069000, 'basePriceFormatted': ' ฿1,069,000', 'additionalPrice': 10000, 'additionalPriceFormatted': ' ฿10,000', 'additionalPriceMessage': None, 'product360Images': None}, {'productCode': '2021-heritage-classic-114-f31', 'colorCode': 'f31', 'colorName': 'Deadwood Green/Vivid Black', 'displayColorName': 'Deadwood Green/Vivid Black  (114 Engine with Black Finish)', 'defaultColor': False, 'hex1': '#363727', 'hex2': '#1c1c1c', 'thumbnailImageUrl': '/content/dam/h-d/images/product-images/bikes/motorcycle/2021/2021-heritage-classic-114/2021-heritage-classic-114-f31/2021-heritage-classic-114-f31-motorcycle.jpg', 'basePrice': 1079000, 'basePriceFormatted': ' ฿1,079,000', 'additionalPrice': 20000, 'additionalPriceFormatted': ' ฿20,000', 'additionalPriceMessage': None, 'product360Images': None}, {'productCode': '2021-heritage-classic-114-f30', 'colorCode': 'f30', 'colorName': 'Midnight Crimson/Stone Washed White Pearl', 'displayColorName': 'Midnight Crimson/Stone Washed White Pearl  (114 Engine with Black Finish)', 'defaultColor': False, 'hex1': '#2f0d0e', 'hex2': '#ececec', 'thumbnailImageUrl': '/content/dam/h-d/images/product-images/bikes/motorcycle/2021/2021-heritage-classic-114/2021-heritage-classic-114-f30/2021-heritage-classic-114-f30-motorcycle.jpg', 'basePrice': 1079000, 'basePriceFormatted': ' ฿1,079,000', 'additionalPrice': 20000, 'additionalPriceFormatted': ' ฿20,000', 'additionalPriceMessage': None, 'product360Images': None}]"
2021-road-king,Road King,Road King<sup>™</sup>,ตำนานบนไฮเวย์ในแบบ Stripped-down กับสไตล์คลาสสิกในสีโครเมียม พร้อมสมรรถนะในแบบทัวร์ริ่ง,2021,FLHR,TOURING,touring-motorcycle,Touring,motorcycles,รถมอเตอร์ไซค์,/th/th/motorcycles/road-king.html,https://www.harley-davidson.com/content/dam/h-d/images/product-images/bikes/motorcycle/2021/2021-road-king/2021-road-king-010/2021-road-king-010-motorcycle.jpg,https://www.harley-davidson.com/content/dam/h-d/images/product-images/bikes/motorcycle/2021/2021-road-king/2021-road-king-motorcycle-nav.jpg,,,1189000," ฿1,189,000",0,,1,,,"[{'productCode': '2021-road-king-010', 'colorCode': '010', 'colorName': 'Vivid Black', 'displayColorName': 'Vivid Black', 'defaultColor': False, 'hex1': '#1c1c1c', 'hex2': '', 'thumbnailImageUrl': '/content/dam/h-d/images/product-images/bikes/motorcycle/2021/2021-road-king/2021-road-king-010/2021-road-king-010-motorcycle.jpg', 'basePrice': 1189000, 'basePriceFormatted': ' ฿1,189,000', 'additionalPrice': 0, 'additionalPriceFormatted': ' ฿0', 'additionalPriceMessage': None, 'product360Images': None}, {'productCode': '2021-road-king-e81', 'colorCode': 'e81', 'colorName': 'Billiard Red', 'displayColorName': 'Billiard Red', 'defaultColor': True, 'hex1': '#850005', 'hex2': '', 'thumbnailImageUrl': '/content/dam/h-d/images/product-images/bikes/motorcycle/2021/2021-road-king/2021-road-king-e81/2021-road-king-e81-motorcycle.jpg', 'basePrice': 1201000, 'basePriceFormatted': ' ฿1,201,000', 'additionalPrice': 12000, 'additionalPriceFormatted': ' ฿12,000', 'additionalPriceMessage': None, 'product360Images': None}, {'productCode': '2021-road-king-f30', 'colorCode': 'f30', 'colorName': 'Midnight Crimson/Stone Washed White Pearl', 'displayColorName': 'Midnight Crimson/Stone Washed White Pearl', 'defaultColor': False, 'hex1': '#2f0d0e', 'hex2': '#ececec', 'thumbnailImageUrl': '/content/dam/h-d/images/product-images/bikes/motorcycle/2021/2021-road-king/2021-road-king-f30/2021-road-king-f30-motorcycle.jpg', 'basePrice': 1222000, 'basePriceFormatted': ' ฿1,222,000', 'additionalPrice': 33000, 'additionalPriceFormatted': ' ฿33,000', 'additionalPriceMessage': None, 'product360Images': None}, {'productCode': '2021-road-king-f32', 'colorCode': 'f32', 'colorName': 'Snake Venom', 'displayColorName': 'Snake Venom', 'defaultColor': False, 'hex1': '#0d1810', 'hex2': '', 'thumbnailImageUrl': '/content/dam/h-d/images/product-images/bikes/motorcycle/2021/2021-road-king/2021-road-king-f32/2021-road-king-f32-motorcycle.jpg', 'basePrice': 1234000, 'basePriceFormatted': ' ฿1,234,000', 'additionalPrice': 45000, 'additionalPriceFormatted': ' ฿45,000', 'additionalPriceMessage': None, 'product360Images': None}]"
2021-road-king-special,Road King Special,Road King<sup>™</sup> Special,สไตล์แบกเกอร์คัสตอมสีแบล็คเอาท์กับขุมพลังที่เหนือชั้น พร้อมรูปลักษณ์ของผู้นำ,2021,FLHRXS,TOURING,touring-motorcycle,Touring,motorcycles,รถมอเตอร์ไซค์,/th/th/motorcycles/road-king-special.html,https://www.harley-davidson.com/content/dam/h-d/images/product-images/bikes/motorcycle/2021/2021-road-king-special/2021-road-king-special-e79/2021-road-king-special-e79-motorcycle.jpg,https://www.harley-davidson.com/content/dam/h-d/images/product-images/bikes/motorcycle/2021/2021-road-king-special/2021-road-king-special-motorcycle-nav.jpg,,,1329000," ฿1,329,000",0,,1,,,"[{'productCode': '2021-road-king-special-010', 'colorCode': '010', 'colorName': 'Vivid Black', 'displayColorName': 'Vivid Black', 'defaultColor': False, 'hex1': '#1c1c1c', 'hex2': '', 'thumbnailImageUrl': '/content/dam/h-d/images/product-images/bikes/motorcycle/2021/2021-road-king-special/2021-road-king-special-010/2021-road-king-special-010-motorcycle.jpg', 'basePrice': 1329000, 'basePriceFormatted': ' ฿1,329,000', 'additionalPrice': 0, 'additionalPriceFormatted': ' ฿0', 'additionalPriceMessage': None, 'product360Images': None}, {'productCode': '2021-road-king-special-f04', 'colorCode': 'f04', 'colorName': 'Black Jack Metallic', 'displayColorName': 'Black Jack Metallic', 'defaultColor': True, 'hex1': '#18181a', 'hex2': '', 'thumbnailImageUrl': '/content/dam/h-d/images/product-images/bikes/motorcycle/2021/2021-road-king-special/2021-road-king-special-f04/2021-road-king-special-f04-motorcycle.jpg', 'basePrice': 1341000, 'basePriceFormatted': ' ฿1,341,000', 'additionalPrice': 12000, 'additionalPriceFormatted': ' ฿12,000', 'additionalPriceMessage': None, 'product360Images': None}, {'productCode': '2021-road-king-special-f24', 'colorCode': 'f24', 'colorName': 'Deadwood Green', 'displayColorName': 'Deadwood Green', 'defaultColor': False, 'hex1': '#363727', 'hex2': '', 'thumbnailImageUrl': '/content/dam/h-d/images/product-images/bikes/motorcycle/2021/2021-road-king-special/2021-road-king-special-f24/2021-road-king-special-f24-motorcycle.jpg', 'basePrice': 1341000, 'basePriceFormatted': ' ฿1,341,000', 'additionalPrice': 12000, 'additionalPriceFormatted': ' ฿12,000', 'additionalPriceMessage': None, 'product360Images': None}, {'productCode': '2021-road-king-special-f32', 'colorCode': 'f32', 'colorName': 'Snake Venom', 'displayColorName': 'Snake Venom', 'defaultColor': False, 'hex1': '#0d1810', 'hex2': '', 'thumbnailImageUrl': '/content/dam/h-d/images/product-images/bikes/motorcycle/2021/2021-road-king-special/2021-road-king-special-f32/2021-road-king-special-f32-motorcycle.jpg', 'basePrice': 1374000, 'basePriceFormatted': ' ฿1,374,000', 'additionalPrice': 45000, 'additionalPriceFormatted': ' ฿45,000', 'additionalPriceMessage': None, 'product360Images': None}]"
2021-road-glide-special,Road Glide Special,Road Glide<sup>™</sup> Special,รถสไตล์แบกเกอร์สมรรถนะสูงในสีแบล็คเอาท์ เพียบพร้อมด้วยคุณสมบัติระดับพรีเมียม,2021,FLTRXS,TOURING,touring-motorcycle,Touring,motorcycles,รถมอเตอร์ไซค์,/th/th/motorcycles/road-glide-special.html,https://www.harley-davidson.com/content/dam/h-d/images/product-images/bikes/motorcycle/2021/2021-road-glide-special/2021-road-glide-special-e99/2021-road-glide-special-e99-motorcycle.jpg,https://www.harley-davidson.com/content/dam/h-d/images/product-images/bikes/motorcycle/2021/2021-road-glide-special/2021-road-glide-special-motorcycle-nav.jpg,,,1469000," ฿1,469,000",0,,1,,,"[{'productCode': '2021-road-glide-special-010', 'colorCode': '010', 'colorName': 'Vivid Black', 'displayColorName': 'Vivid Black  (Chrome Finish)', 'defaultColor': False, 'hex1': '#1c1c1c', 'hex2': '', 'thumbnailImageUrl': '/content/dam/h-d/images/product-images/bikes/motorcycle/2021/2021-road-glide-special/2021-road-glide-special-010/2021-road-glide-special-010-motorcycle.jpg', 'basePrice': 1469000, 'basePriceFormatted': ' ฿1,469,000', 'additionalPrice': 0, 'additionalPriceFormatted': ' ฿0', 'additionalPriceMessage': None, 'product360Images': None}, {'productCode': '2021-road-glide-special-f18', 'colorCode': 'f18', 'colorName': 'Billiard Teal', 'displayColorName': 'Billiard Teal  (Chrome Finish)', 'defaultColor': False, 'hex1': '#04303d', 'hex2': '', 'thumbnailImageUrl': '/content/dam/h-d/images/product-images/bikes/motorcycle/2021/2021-road-glide-special/2021-road-glide-special-f18/2021-road-glide-special-f18-motorcycle.jpg', 'basePrice': 1481000, 'basePriceFormatted': ' ฿1,481,000', 'additionalPrice': 12000, 'additionalPriceFormatted': ' ฿12,000', 'additionalPriceMessage': None, 'product360Images': None}, {'productCode': '2021-road-glide-special-f20', 'colorCode': 'f20', 'colorName': 'Midnight Crimson', 'displayColorName': 'Midnight Crimson  (Chrome Finish)', 'defaultColor': False, 'hex1': '#2f0d0e', 'hex2': '', 'thumbnailImageUrl': '/content/dam/h-d/images/product-images/bikes/motorcycle/2021/2021-road-glide-special/2021-road-glide-special-f20/2021-road-glide-special-f20-motorcycle.jpg', 'basePrice': 1481000, 'basePriceFormatted': ' ฿1,481,000', 'additionalPrice': 12000, 'additionalPriceFormatted': ' ฿12,000', 'additionalPriceMessage': None, 'product360Images': None}, {'productCode': '2021-road-glide-special-e99', 'colorCode': 'e99', 'colorName': 'Billiard Red/Vivid Black', 'displayColorName': 'Billiard Red/Vivid Black  (Chrome Finish)', 'defaultColor': True, 'hex1': '#850005', 'hex2': '#1c1c1c', 'thumbnailImageUrl': '/content/dam/h-d/images/product-images/bikes/motorcycle/2021/2021-road-glide-special/2021-road-glide-special-e99/2021-road-glide-special-e99-motorcycle.jpg', 'basePrice': 1502000, 'basePriceFormatted': ' ฿1,502,000', 'additionalPrice': 33000, 'additionalPriceFormatted': ' ฿33,000', 'additionalPriceMessage': None, 'product360Images': None}, {'productCode': '2021-road-glide-special-f32', 'colorCode': 'f32', 'colorName': 'Snake Venom', 'displayColorName': 'Snake Venom  (Chrome Finish)', 'defaultColor': False, 'hex1': '#0d1810', 'hex2': '', 'thumbnailImageUrl': '/content/dam/h-d/images/product-images/bikes/motorcycle/2021/2021-road-glide-special/2021-road-glide-special-f32/2021-road-glide-special-f32-motorcycle.jpg', 'basePrice': 1514000, 'basePriceFormatted': ' ฿1,514,000', 'additionalPrice': 45000, 'additionalPriceFormatted': ' ฿45,000', 'additionalPriceMessage': None, 'product360Images': None}, {'productCode': '2021-road-glide-special-010b', 'colorCode': '010b', 'colorName': 'Vivid Black', 'displayColorName': 'Vivid Black  (Black Finish)', 'defaultColor': False, 'hex1': '#1c1c1c', 'hex2': '', 'thumbnailImageUrl': '/content/dam/h-d/images/product-images/bikes/motorcycle/2021/2021-road-glide-special/2021-road-glide-special-010b/2021-road-glide-special-010b-motorcycle.jpg', 'basePrice': 1499000, 'basePriceFormatted': ' ฿1,499,000', 'additionalPrice': 30000, 'additionalPriceFormatted': ' ฿30,000', 'additionalPriceMessage': None, 'product360Images': None}, {'productCode': '2021-road-glide-special-f18b', 'colorCode': 'f18b', 'colorName': 'Billiard Teal', 'displayColorName': 'Billiard Teal  (Black Finish)', 'defaultColor': False, 'hex1': '#04303d', 'hex2': '', 'thumbnailImageUrl': '/content/dam/h-d/images/product-images/bikes/motorcycle/2021/2021-road-glide-special/2021-road-glide-special-f18b/2021-road-glide-special-f18b-motorcycle.jpg', 'basePrice': 1511000, 'basePriceFormatted': ' ฿1,511,000', 'additionalPrice': 42000, 'additionalPriceFormatted': ' ฿42,000', 'additionalPriceMessage': None, 'product360Images': None}, {'productCode': '2021-road-glide-special-e79b', 'colorCode': 'e79b', 'colorName': 'River Rock Gray Denim', 'displayColorName': 'River Rock Gray Denim  (Black Finish)', 'defaultColor': False, 'hex1': '#4e443b', 'hex2': '', 'thumbnailImageUrl': '/content/dam/h-d/images/product-images/bikes/motorcycle/2021/2021-road-glide-special/2021-road-glide-special-e79b/2021-road-glide-special-e79b-motorcycle.jpg', 'basePrice': 1511000, 'basePriceFormatted': ' ฿1,511,000', 'additionalPrice': 42000, 'additionalPriceFormatted': ' ฿42,000', 'additionalPriceMessage': None, 'product360Images': None}, {'productCode': '2021-road-glide-special-f20b', 'colorCode': 'f20b', 'colorName': 'Midnight Crimson', 'displayColorName': 'Midnight Crimson  (Black Finish)', 'defaultColor': False, 'hex1': '#2f0d0e', 'hex2': '', 'thumbnailImageUrl': '/content/dam/h-d/images/product-images/bikes/motorcycle/2021/2021-road-glide-special/2021-road-glide-special-f20b/2021-road-glide-special-f20b-motorcycle.jpg', 'basePrice': 1511000, 'basePriceFormatted': ' ฿1,511,000', 'additionalPrice': 42000, 'additionalPriceFormatted': ' ฿42,000', 'additionalPriceMessage': None, 'product360Images': None}, {'productCode': '2021-road-glide-special-e99b', 'colorCode': 'e99b', 'colorName': 'Billiard Red/Vivid Black', 'displayColorName': 'Billiard Red/Vivid Black  (Black Finish)', 'defaultColor': False, 'hex1': '#850005', 'hex2': '#1c1c1c', 'thumbnailImageUrl': '/content/dam/h-d/images/product-images/bikes/motorcycle/2021/2021-road-glide-special/2021-road-glide-special-e99b/2021-road-glide-special-e99b-motorcycle.jpg', 'basePrice': 1532000, 'basePriceFormatted': ' ฿1,532,000', 'additionalPrice': 63000, 'additionalPriceFormatted': ' ฿63,000', 'additionalPriceMessage': None, 'product360Images': None}, {'productCode': '2021-road-glide-special-f32b', 'colorCode': 'f32b', 'colorName': 'Snake Venom', 'displayColorName': 'Snake Venom  (Black Finish)', 'defaultColor': False, 'hex1': '#0d1810', 'hex2': '', 'thumbnailImageUrl': '/content/dam/h-d/images/product-images/bikes/motorcycle/2021/2021-road-glide-special/2021-road-glide-special-f32b/2021-road-glide-special-f32b-motorcycle.jpg', 'basePrice': 1544000, 'basePriceFormatted': ' ฿1,544,000', 'additionalPrice': 75000, 'additionalPriceFormatted': ' ฿75,000', 'additionalPriceMessage': None, 'product360Images': None}]"
2021-street-glide-special,Street Glide Special,Street Glide<sup>™</sup> Special,รถสไตล์แบกเกอร์ที่คัสตอมจากโรงงานในสไตล์แบล็คเอาท์และขุมพลังที่สยบทุกเส้นทาง,2021,FLHXS,TOURING,touring-motorcycle,Touring,motorcycles,รถมอเตอร์ไซค์,/th/th/motorcycles/street-glide-special.html,https://www.harley-davidson.com/content/dam/h-d/images/product-images/bikes/motorcycle/2021/2021-street-glide-special/2021-street-glide-special-e83/2021-street-glide-special-e83-motorcycle.jpg,https://www.harley-davidson.com/content/dam/h-d/images/product-images/bikes/motorcycle/2021/2021-street-glide-special/2021-street-glide-special-motorcycle-nav.jpg,,,1399000," ฿1,399,000",0,,1,,,"[{'productCode': '2021-street-glide-special-010', 'colorCode': '010', 'colorName': 'Vivid Black', 'displayColorName': 'Vivid Black  (Chrome Finish)', 'defaultColor': False, 'hex1': '#1c1c1c', 'hex2': '', 'thumbnailImageUrl': '/content/dam/h-d/images/product-images/bikes/motorcycle/2021/2021-street-glide-special/2021-street-glide-special-010/2021-street-glide-special-010-motorcycle.jpg', 'basePrice': 1399000, 'basePriceFormatted': ' ฿1,399,000', 'additionalPrice': 0, 'additionalPriceFormatted': ' ฿0', 'additionalPriceMessage': None, 'product360Images': None}, {'productCode': '2021-street-glide-special-f04', 'colorCode': 'f04', 'colorName': 'Black Jack Metallic', 'displayColorName': 'Black Jack Metallic  (Chrome Finish)', 'defaultColor': False, 'hex1': '#18181a', 'hex2': '', 'thumbnailImageUrl': '/content/dam/h-d/images/product-images/bikes/motorcycle/2021/2021-street-glide-special/2021-street-glide-special-f04/2021-street-glide-special-f04-motorcycle.jpg', 'basePrice': 1411000, 'basePriceFormatted': ' ฿1,411,000', 'additionalPrice': 12000, 'additionalPriceFormatted': ' ฿12,000', 'additionalPriceMessage': None, 'product360Images': None}, {'productCode': '2021-street-glide-special-e81', 'colorCode': 'e81', 'colorName': 'Billiard Red', 'displayColorName': 'Billiard Red  (Chrome Finish)', 'defaultColor': False, 'hex1': '#850005', 'hex2': '', 'thumbnailImageUrl': '/content/dam/h-d/images/product-images/bikes/motorcycle/2021/2021-street-glide-special/2021-street-glide-special-e81/2021-street-glide-special-e81-motorcycle.jpg', 'basePrice': 1411000, 'basePriceFormatted': ' ฿1,411,000', 'additionalPrice': 12000, 'additionalPriceFormatted': ' ฿12,000', 'additionalPriceMessage': None, 'product360Images': None}, {'productCode': '2021-street-glide-special-f28', 'colorCode': 'f28', 'colorName': 'Gauntlet Gray Metallic/Vivid Black', 'displayColorName': 'Gauntlet Gray Metallic/Vivid Black  (Chrome Finish)', 'defaultColor': True, 'hex1': '#444348', 'hex2': '#1c1c1c', 'thumbnailImageUrl': '/content/dam/h-d/images/product-images/bikes/motorcycle/2021/2021-street-glide-special/2021-street-glide-special-f28/2021-street-glide-special-f28-motorcycle.jpg', 'basePrice': 1432000, 'basePriceFormatted': ' ฿1,432,000', 'additionalPrice': 33000, 'additionalPriceFormatted': ' ฿33,000', 'additionalPriceMessage': None, 'product360Images': None}, {'productCode': '2021-street-glide-special-f32', 'colorCode': 'f32', 'colorName': 'Snake Venom', 'displayColorName': 'Snake Venom  (Chrome Finish)', 'defaultColor': False, 'hex1': '#0d1810', 'hex2': '', 'thumbnailImageUrl': '/content/dam/h-d/images/product-images/bikes/motorcycle/2021/2021-street-glide-special/2021-street-glide-special-f32/2021-street-glide-special-f32-motorcycle.jpg', 'basePrice': 1444000, 'basePriceFormatted': ' ฿1,444,000', 'additionalPrice': 45000, 'additionalPriceFormatted': ' ฿45,000', 'additionalPriceMessage': None, 'product360Images': None}, {'productCode': '2021-street-glide-special-010b', 'colorCode': '010b', 'colorName': 'Vivid Black', 'displayColorName': 'Vivid Black  (Black Finish)', 'defaultColor': False, 'hex1': '#1c1c1c', 'hex2': '', 'thumbnailImageUrl': '/content/dam/h-d/images/product-images/bikes/motorcycle/2021/2021-street-glide-special/2021-street-glide-special-010b/2021-street-glide-special-010b-motorcycle.jpg', 'basePrice': 1429000, 'basePriceFormatted': ' ฿1,429,000', 'additionalPrice': 30000, 'additionalPriceFormatted': ' ฿30,000', 'additionalPriceMessage': None, 'product360Images': None}, {'productCode': '2021-street-glide-special-f16b', 'colorCode': 'f16b', 'colorName': 'Gauntlet Gray Metallic', 'displayColorName': 'Gauntlet Gray Metallic  (Black Finish)', 'defaultColor': False, 'hex1': '#444348', 'hex2': '', 'thumbnailImageUrl': '/content/dam/h-d/images/product-images/bikes/motorcycle/2021/2021-street-glide-special/2021-street-glide-special-f16b/2021-street-glide-special-f16b-motorcycle.jpg', 'basePrice': 1441000, 'basePriceFormatted': ' ฿1,441,000', 'additionalPrice': 42000, 'additionalPriceFormatted': ' ฿42,000', 'additionalPriceMessage': None, 'product360Images': None}, {'productCode': '2021-street-glide-special-e81b', 'colorCode': 'e81b', 'colorName': 'Billiard Red', 'displayColorName': 'Billiard Red  (Black Finish)', 'defaultColor': False, 'hex1': '#850005', 'hex2': '', 'thumbnailImageUrl': '/content/dam/h-d/images/product-images/bikes/motorcycle/2021/2021-street-glide-special/2021-street-glide-special-e81b/2021-street-glide-special-e81b-motorcycle.jpg', 'basePrice': 1441000, 'basePriceFormatted': ' ฿1,441,000', 'additionalPrice': 42000, 'additionalPriceFormatted': ' ฿42,000', 'additionalPriceMessage': None, 'product360Images': None}, {'productCode': '2021-street-glide-special-f26b', 'colorCode': 'f26b', 'colorName': 'Deadwood Green Denim', 'displayColorName': 'Deadwood Green Denim  (Black Finish)', 'defaultColor': False, 'hex1': '#3c3e33', 'hex2': '', 'thumbnailImageUrl': '/content/dam/h-d/images/product-images/bikes/motorcycle/2021/2021-street-glide-special/2021-street-glide-special-f26b/2021-street-glide-special-f26b-motorcycle.jpg', 'basePrice': 1441000, 'basePriceFormatted': ' ฿1,441,000', 'additionalPrice': 42000, 'additionalPriceFormatted': ' ฿42,000', 'additionalPriceMessage': None, 'product360Images': None}, {'productCode': '2021-street-glide-special-f28b', 'colorCode': 'f28b', 'colorName': 'Gauntlet Gray Metallic/Vivid Black', 'displayColorName': 'Gauntlet Gray Metallic/Vivid Black  (Black Finish)', 'defaultColor': False, 'hex1': '#444348', 'hex2': '#1c1c1c', 'thumbnailImageUrl': '/content/dam/h-d/images/product-images/bikes/motorcycle/2021/2021-street-glide-special/2021-street-glide-special-f28b/2021-street-glide-special-f28b-motorcycle.jpg', 'basePrice': 1462000, 'basePriceFormatted': ' ฿1,462,000', 'additionalPrice': 63000, 'additionalPriceFormatted': ' ฿63,000', 'additionalPriceMessage': None, 'product360Images': None}, {'productCode': '2021-street-glide-special-f32b', 'colorCode': 'f32b', 'colorName': 'Snake Venom', 'displayColorName': 'Snake Venom  (Black Finish)', 'defaultColor': False, 'hex1': '#0d1810', 'hex2': '', 'thumbnailImageUrl': '/content/dam/h-d/images/product-images/bikes/motorcycle/2021/2021-street-glide-special/2021-street-glide-special-f32b/2021-street-glide-special-f32b-motorcycle.jpg', 'basePrice': 1474000, 'basePriceFormatted': ' ฿1,474,000', 'additionalPrice': 75000, 'additionalPriceFormatted': ' ฿75,000', 'additionalPriceMessage': None, 'product360Images': None}]"
2021-cvo-street-glide,CVO Street Glide,CVO<sup>™</sup> Street Glide<sup>™</sup>,ที่สุดแห่งรถสไตล์ทัวร์ริ่งที่คัสตอมจากโรงงานพร้อมความสะดวกสบาย รูปลักษณ์สะดุดตาที่อัดแน่นด้วยขุมกำลัง,2021,FLHXSE,TOURING,touring-motorcycle,Touring,motorcycles,รถมอเตอร์ไซค์,/th/th/motorcycles/cvo-street-glide.html,https://www.harley-davidson.com/content/dam/h-d/images/product-images/bikes/motorcycle/2021/2021-cvo-street-glide/2021-cvo-street-glide-f06/2021-cvo-street-glide-f06-motorcycle.jpg,https://www.harley-davidson.com/content/dam/h-d/images/product-images/bikes/motorcycle/2021/2021-cvo-street-glide/2021-cvo-street-glide-motorcycle-nav.jpg,,,2899000," ฿2,899,000",0,,1,,,"[{'productCode': '2021-cvo-street-glide-f06', 'colorCode': 'f06', 'colorName': 'Sunset Orange & Sunset Black Fade', 'displayColorName': 'Sunset Orange & Sunset Black Fade', 'defaultColor': True, 'hex1': '#6C0604', 'hex2': '#121312', 'thumbnailImageUrl': '/content/dam/h-d/images/product-images/bikes/motorcycle/2021/2021-cvo-street-glide/2021-cvo-street-glide-f06/2021-cvo-street-glide-f06-motorcycle.jpg', 'basePrice': 2899000, 'basePriceFormatted': ' ฿2,899,000', 'additionalPrice': 0, 'additionalPriceFormatted': ' ฿0', 'additionalPriceMessage': None, 'product360Images': None}, {'productCode': '2021-cvo-street-glide-f07', 'colorCode': 'f07', 'colorName': 'Great White Pearl', 'displayColorName': 'Great White Pearl', 'defaultColor': False, 'hex1': '#BAB9B6', 'hex2': '', 'thumbnailImageUrl': '/content/dam/h-d/images/product-images/bikes/motorcycle/2021/2021-cvo-street-glide/2021-cvo-street-glide-f07/2021-cvo-street-glide-f07-motorcycle.jpg', 'basePrice': 2899000, 'basePriceFormatted': ' ฿2,899,000', 'additionalPrice': 0, 'additionalPriceFormatted': ' ฿0', 'additionalPriceMessage': None, 'product360Images': None}, {'productCode': '2021-cvo-street-glide-f10', 'colorCode': 'f10', 'colorName': 'Bronze Armor', 'displayColorName': 'Bronze Armor', 'defaultColor': False, 'hex1': '#352F27', 'hex2': '', 'thumbnailImageUrl': '/content/dam/h-d/images/product-images/bikes/motorcycle/2021/2021-cvo-street-glide/2021-cvo-street-glide-f10/2021-cvo-street-glide-f10-motorcycle.jpg', 'basePrice': 2899000, 'basePriceFormatted': ' ฿2,899,000', 'additionalPrice': 0, 'additionalPriceFormatted': ' ฿0', 'additionalPriceMessage': None, 'product360Images': None}]"
2021-cvo-road-glide,CVO Road Glide,CVO<sup>™</sup> Road Glide<sup>™</sup>,จัดเต็มด้วยรายละเอียดการคัสตอมเพื่อนำพารถสไตล์ทัวร์ริ่งพร้อมสมรรถนะไปจนถึงขีดสุด,2021,FLTRXSE,TOURING,touring-motorcycle,Touring,motorcycles,รถมอเตอร์ไซค์,/th/th/motorcycles/cvo-road-glide.html,https://www.harley-davidson.com/content/dam/h-d/images/product-images/bikes/motorcycle/2021/2021-cvo-road-glide/2021-cvo-road-glide-f06/2021-cvo-road-glide-f06-motorcycle.jpg,https://www.harley-davidson.com/content/dam/h-d/images/product-images/bikes/motorcycle/2021/2021-cvo-road-glide/2021-cvo-road-glide-motorcycle-nav.jpg,,,2949000," ฿2,949,000",0,,1,,,"[{'productCode': '2021-cvo-road-glide-f06', 'colorCode': 'f06', 'colorName': 'Sunset Orange & Sunset Black Fade', 'displayColorName': 'Sunset Orange & Sunset Black Fade', 'defaultColor': True, 'hex1': '#6C0604', 'hex2': '#121312', 'thumbnailImageUrl': '/content/dam/h-d/images/product-images/bikes/motorcycle/2021/2021-cvo-road-glide/2021-cvo-road-glide-f06/2021-cvo-road-glide-f06-motorcycle.jpg', 'basePrice': 2949000, 'basePriceFormatted': ' ฿2,949,000', 'additionalPrice': 0, 'additionalPriceFormatted': ' ฿0', 'additionalPriceMessage': None, 'product360Images': None}, {'productCode': '2021-cvo-road-glide-f13', 'colorCode': 'f13', 'colorName': 'Black Hole with graphics', 'displayColorName': 'Black Hole with graphics', 'defaultColor': False, 'hex1': '#242424', 'hex2': '', 'thumbnailImageUrl': '/content/dam/h-d/images/product-images/bikes/motorcycle/2021/2021-cvo-road-glide/2021-cvo-road-glide-f13/2021-cvo-road-glide-f13-motorcycle.jpg', 'basePrice': 2949000, 'basePriceFormatted': ' ฿2,949,000', 'additionalPrice': 0, 'additionalPriceFormatted': ' ฿0', 'additionalPriceMessage': None, 'product360Images': None}, {'productCode': '2021-cvo-road-glide-f10', 'colorCode': 'f10', 'colorName': 'Bronze Armor', 'displayColorName': 'Bronze Armor', 'defaultColor': False, 'hex1': '#352F27', 'hex2': '', 'thumbnailImageUrl': '/content/dam/h-d/images/product-images/bikes/motorcycle/2021/2021-cvo-road-glide/2021-cvo-road-glide-f10/2021-cvo-road-glide-f10-motorcycle.jpg', 'basePrice': 2949000, 'basePriceFormatted': ' ฿2,949,000', 'additionalPrice': 0, 'additionalPriceFormatted': ' ฿0', 'additionalPriceMessage': None, 'product360Images': None}]"
2021-ultra-limited,Ultra Limited,Ultra Limited,สมรรถนะในแบบทัวร์ริ่งระดับพรีเมียม กับการขับขี่ที่ไม่มีอ่อนข้อ,2021,FLHTK,TOURING,touring-motorcycle,Touring,motorcycles,รถมอเตอร์ไซค์,/th/th/motorcycles/ultra-limited.html,https://www.harley-davidson.com/content/dam/h-d/images/product-images/bikes/motorcycle/2021/2021-ultra-limited/2021-ultra-limited-e96/2021-ultra-limited-e96-motorcycle.jpg,https://www.harley-davidson.com/content/dam/h-d/images/product-images/bikes/motorcycle/2021/2021-ultra-limited/2021-ultra-limited-motorcycle-nav.jpg,,,1539000," ฿1,539,000",0,,1,,,"[{'productCode': '2021-ultra-limited-010', 'colorCode': '010', 'colorName': 'Vivid Black', 'displayColorName': 'Vivid Black (Chrome Finish)', 'defaultColor': False, 'hex1': '#1c1c1c', 'hex2': '', 'thumbnailImageUrl': '/content/dam/h-d/images/product-images/bikes/motorcycle/2021/2021-ultra-limited/2021-ultra-limited-010/2021-ultra-limited-010-motorcycle.jpg', 'basePrice': 1539000, 'basePriceFormatted': ' ฿1,539,000', 'additionalPrice': 0, 'additionalPriceFormatted': ' ฿0', 'additionalPriceMessage': None, 'product360Images': None}, {'productCode': '2021-ultra-limited-f20', 'colorCode': 'f20', 'colorName': 'Midnight Crimson', 'displayColorName': 'Midnight Crimson  (Chrome Finish)', 'defaultColor': False, 'hex1': '#2f0d0e', 'hex2': '', 'thumbnailImageUrl': '/content/dam/h-d/images/product-images/bikes/motorcycle/2021/2021-ultra-limited/2021-ultra-limited-f20/2021-ultra-limited-f20-motorcycle.jpg', 'basePrice': 1551000, 'basePriceFormatted': ' ฿1,551,000', 'additionalPrice': 12000, 'additionalPriceFormatted': ' ฿12,000', 'additionalPriceMessage': None, 'product360Images': None}, {'productCode': '2021-ultra-limited-e99', 'colorCode': 'e99', 'colorName': 'Billiard Red/Vivid Black', 'displayColorName': 'Billiard Red/Vivid Black  (Chrome Finish)', 'defaultColor': True, 'hex1': '#850005', 'hex2': '#1c1c1c', 'thumbnailImageUrl': '/content/dam/h-d/images/product-images/bikes/motorcycle/2021/2021-ultra-limited/2021-ultra-limited-e99/2021-ultra-limited-e99-motorcycle.jpg', 'basePrice': 1572000, 'basePriceFormatted': ' ฿1,572,000', 'additionalPrice': 33000, 'additionalPriceFormatted': ' ฿33,000', 'additionalPriceMessage': None, 'product360Images': None}, {'productCode': '2021-ultra-limited-f28', 'colorCode': 'f28', 'colorName': 'Gauntlet Gray Metallic/Vivid Black', 'displayColorName': 'Gauntlet Gray Metallic/Vivid Black  (Chrome Finish)', 'defaultColor': False, 'hex1': '#444348', 'hex2': '#1c1c1c', 'thumbnailImageUrl': '/content/dam/h-d/images/product-images/bikes/motorcycle/2021/2021-ultra-limited/2021-ultra-limited-f28/2021-ultra-limited-f28-motorcycle.jpg', 'basePrice': 1572000, 'basePriceFormatted': ' ฿1,572,000', 'additionalPrice': 33000, 'additionalPriceFormatted': ' ฿33,000', 'additionalPriceMessage': None, 'product360Images': None}, {'productCode': '2021-ultra-limited-f32', 'colorCode': 'f32', 'colorName': 'Snake Venom', 'displayColorName': 'Snake Venom  (Chrome Finish)', 'defaultColor': False, 'hex1': '#0d1810', 'hex2': '', 'thumbnailImageUrl': '/content/dam/h-d/images/product-images/bikes/motorcycle/2021/2021-ultra-limited/2021-ultra-limited-f32/2021-ultra-limited-f32-motorcycle.jpg', 'basePrice': 1584000, 'basePriceFormatted': ' ฿1,584,000', 'additionalPrice': 45000, 'additionalPriceFormatted': ' ฿45,000', 'additionalPriceMessage': None, 'product360Images': None}]"
2021-cvo-limited,CVO Limited,CVO<sup>™</sup> Limited,ไร้ขีดจำกัดกับความหรูหราและรถทัวร์ริ่งทางไกล โดดเด่นขุมพลังที่ยอดเยี่ยมที่สุดและเทคโนโลยีที่ก้าวล้ำ,2021,FLHTKSE,TRIKE,touring-motorcycle,Touring,motorcycles,รถมอเตอร์ไซค์,/th/th/motorcycles/cvo-limited.html,https://www.harley-davidson.com/content/dam/h-d/images/product-images/bikes/motorcycle/2021/2021-cvo-limited/2021-cvo-limited-e67/2021-cvo-limited-e67-motorcycle.jpg,https://www.harley-davidson.com/content/dam/h-d/images/product-images/bikes/motorcycle/2021/2021-cvo-limited/2021-cvo-limited-motorcycle-nav.jpg,,,3159000," ฿3,159,000",0,,1,,,"[{'productCode': '2021-cvo-limited-f09', 'colorCode': 'f09', 'colorName': 'Royal Purple & Royal Black Fade', 'displayColorName': 'Royal Purple & Royal Black Fade', 'defaultColor': True, 'hex1': '#352943', 'hex2': '#181818', 'thumbnailImageUrl': '/content/dam/h-d/images/product-images/bikes/motorcycle/2021/2021-cvo-limited/2021-cvo-limited-f09/2021-cvo-limited-f09-motorcycle.jpg', 'basePrice': 3159000, 'basePriceFormatted': ' ฿3,159,000', 'additionalPrice': 0, 'additionalPriceFormatted': ' ฿0', 'additionalPriceMessage': None, 'product360Images': None}, {'productCode': '2021-cvo-limited-f10', 'colorCode': 'f10', 'colorName': 'Bronze Armor', 'displayColorName': 'Bronze Armor', 'defaultColor': False, 'hex1': '#352F27', 'hex2': '', 'thumbnailImageUrl': '/content/dam/h-d/images/product-images/bikes/motorcycle/2021/2021-cvo-limited/2021-cvo-limited-f10/2021-cvo-limited-f10-motorcycle.jpg', 'basePrice': 3159000, 'basePriceFormatted': ' ฿3,159,000', 'additionalPrice': 0, 'additionalPriceFormatted': ' ฿0', 'additionalPriceMessage': None, 'product360Images': None}]"
